Vehicle_ID,Frame,Timestamp,Speed_kmh,Image_X,Image_Y,World_X,World_Y,Image_Trace_Length,World_Trace_Length
1,1,2026-01-28 00:32:04.304,0.0,1036.8851318359375,475.6392517089844,20.249563217163086,71.23219299316406,1,1
1,2,2026-01-28 00:32:04.525,0.0,1036.885009765625,475.6387939453125,20.249568939208984,71.2319107055664,2,2
1,3,2026-01-28 00:32:04.729,0.0,1036.885986328125,475.6383361816406,20.249635696411133,71.23162078857422,3,3
1,4,2026-01-28 00:32:04.933,0.0,1037.27734375,476.4541931152344,20.249818801879883,71.74010467529297,4,4
1,5,2026-01-28 00:32:05.132,22.0,1038.05908203125,478.04443359375,20.251230239868164,72.71610260009766,5,5
1,6,2026-01-28 00:32:05.344,45.0,1038.97216796875,479.78070068359375,20.25603485107422,73.75948333740234,6,6
1,7,2026-01-28 00:32:05.546,66.0,1040.281005859375,481.9333801269531,20.27150535583496,75.02196502685547,7,7
1,8,2026-01-28 00:32:05.743,87.0,1042.17333984375,484.0072021484375,20.320083618164062,76.20679473876953,8,8
1,9,2026-01-28 00:32:05.934,90.0,1043.57080078125,486.0262451171875,20.342506408691406,77.33183288574219,9,9
1,10,2026-01-28 00:32:06.137,93.0,1045.271240234375,488.9590148925781,20.35687255859375,78.91802215576172,10,10
1,11,2026-01-28 00:32:06.331,97.0,1046.12060546875,491.4623718261719,20.337684631347656,80.22894287109375,11,11
1,12,2026-01-28 00:32:06.530,101.0,1046.949462890625,493.7870178222656,20.322404861450195,81.41239929199219,12,12
1,13,2026-01-28 00:32:06.746,103.0,1048.169921875,496.31268310546875,20.322311401367188,82.66275024414062,13,13
1,14,2026-01-28 00:32:06.935,101.0,1048.938720703125,498.6123046875,20.30527114868164,83.77037811279297,14,14
1,15,2026-01-28 00:32:07.145,103.0,1050.3780517578125,501.12689208984375,20.31636619567871,84.94929504394531,15,15
1,16,2026-01-28 00:32:07.363,106.0,1052.353271484375,504.28912353515625,20.337818145751953,86.38609313964844,16,16
1,17,2026-01-28 00:32:07.548,105.0,1053.942626953125,506.9261474609375,20.352413177490234,87.5470199584961,17,17
1,18,2026-01-28 00:32:07.742,105.0,1055.447021484375,509.6741943359375,20.360111236572266,88.722412109375,18,18
1,19,2026-01-28 00:32:07.946,105.0,1057.085693359375,513.1769409179688,20.35683822631836,90.17203521728516,19,19
1,20,2026-01-28 00:32:08.139,106.0,1058.5340576171875,516.25830078125,20.3543643951416,91.40441131591797,20,20
1,21,2026-01-28 00:32:08.334,105.0,1060.68798828125,519.1832275390625,20.386672973632812,92.53887939453125,21,21
1,22,2026-01-28 00:32:08.531,106.0,1063.655029296875,522.5657958984375,20.44365692138672,93.8099365234375,22,22
1,23,2026-01-28 00:32:08.728,106.0,1064.96044921875,526.653076171875,20.412471771240234,95.2901840209961,23,23
1,24,2026-01-28 00:32:08.928,106.0,1066.459228515625,529.8947143554688,20.408126831054688,96.4231185913086,24,24
1,25,2026-01-28 00:32:09.128,106.0,1068.2391357421875,533.700439453125,20.404035568237305,97.70926666259766,25,25
1,26,2026-01-28 00:32:09.332,106.0,1070.272705078125,537.7186279296875,20.406137466430664,99.0183334350586,25,25
1,27,2026-01-28 00:32:09.529,108.0,1072.36962890625,541.94970703125,20.4064998626709,100.34545135498047,25,25
1,28,2026-01-28 00:32:09.733,108.0,1074.6337890625,545.7882080078125,20.420982360839844,101.50633239746094,25,25
1,29,2026-01-28 00:32:09.922,111.0,1077.87939453125,550.4073486328125,20.457761764526367,102.8519515991211,25,25
1,30,2026-01-28 00:32:10.112,112.0,1080.7822265625,554.899658203125,20.482595443725586,104.10978698730469,25,25
1,31,2026-01-28 00:32:10.301,112.0,1083.056640625,559.5056762695312,20.48118019104004,105.35039520263672,25,25
1,32,2026-01-28 00:32:10.487,112.0,1084.7666015625,564.7450561523438,20.447952270507812,106.70475006103516,25,25
1,33,2026-01-28 00:32:10.681,113.0,1087.1090087890625,570.14697265625,20.435626983642578,108.04163360595703,25,25
1,34,2026-01-28 00:32:10.877,113.0,1090.13916015625,575.6924438476562,20.445140838623047,109.35520935058594,25,25
1,35,2026-01-28 00:32:11.072,112.0,1093.381103515625,581.2033081054688,20.46200180053711,110.60525512695312,25,25
1,36,2026-01-28 00:32:11.270,113.0,1096.81103515625,587.3233642578125,20.47427749633789,111.93301391601562,25,25
1,37,2026-01-28 00:32:11.464,113.0,1100.69287109375,593.172607421875,20.505027770996094,113.1463394165039,25,25
1,38,2026-01-28 00:32:11.656,115.0,1103.955810546875,600.0557861328125,20.49837875366211,114.50914764404297,25,25
1,39,2026-01-28 00:32:11.857,115.0,1107.59033203125,606.536376953125,20.5097599029541,115.73233795166016,25,25
1,40,2026-01-28 00:32:12.048,113.0,1111.459716796875,613.2945556640625,20.52347755432129,116.95027160644531,25,25
1,41,2026-01-28 00:32:12.251,115.0,1115.972412109375,621.08154296875,20.540111541748047,118.28573608398438,25,25
1,42,2026-01-28 00:32:12.495,116.0,1120.8939208984375,629.54052734375,20.557785034179688,119.66023254394531,25,25
1,43,2026-01-28 00:32:12.697,116.0,1125.177734375,638.4791870117188,20.55000114440918,121.03323364257812,25,25
1,44,2026-01-28 00:32:12.888,118.0,1130.298828125,647.5985107421875,20.562747955322266,122.35669708251953,25,25
1,45,2026-01-28 00:32:13.101,118.0,1135.755615234375,657.166015625,20.577579498291016,123.66816711425781,25,25
2,1,2026-01-28 00:32:04.304,0.0,832.3347778320312,573.0569458007812,11.485509872436523,108.73812103271484,1,1
2,2,2026-01-28 00:32:04.525,0.0,832.3084716796875,573.0595703125,11.484638214111328,108.73873901367188,2,2
2,3,2026-01-28 00:32:04.729,0.0,832.312255859375,573.0601806640625,11.484782218933105,108.73888397216797,3,3
2,4,2026-01-28 00:32:04.933,0.0,833.0090942382812,571.05712890625,11.4728422164917,108.26121520996094,4,4
2,5,2026-01-28 00:32:05.132,17.0,833.927734375,569.49462890625,11.4766845703125,107.88327026367188,5,5
2,6,2026-01-28 00:32:05.345,34.0,834.6365356445312,567.2062377929688,11.459635734558105,107.32110595703125,6,6
2,7,2026-01-28 00:32:05.546,38.0,834.9814453125,565.2421264648438,11.435251235961914,106.83023071289062,7,7
2,8,2026-01-28 00:32:05.743,40.0,835.889892578125,563.457763671875,11.434366226196289,106.37740325927734,8,8
2,9,2026-01-28 00:32:05.934,39.0,836.9940185546875,561.8424072265625,11.443851470947266,105.9616928100586,9,9
2,10,2026-01-28 00:32:06.137,40.0,837.8365478515625,559.447998046875,11.428829193115234,105.33515930175781,10,10
2,11,2026-01-28 00:32:06.331,41.0,838.6428833007812,557.0134887695312,11.41136646270752,104.68513488769531,11,11
2,12,2026-01-28 00:32:06.530,40.0,839.8439331054688,555.547119140625,11.427523612976074,104.287109375,12,12
2,13,2026-01-28 00:32:06.746,39.0,840.91650390625,554.0963745117188,11.439339637756348,103.88842010498047,13,13
2,14,2026-01-28 00:32:06.935,40.0,841.6590576171875,552.45947265625,11.435064315795898,103.43257904052734,14,14
2,15,2026-01-28 00:32:07.145,40.0,842.234375,550.8133544921875,11.424137115478516,102.9676513671875,15,15
2,16,2026-01-28 00:32:07.363,41.0,842.3204345703125,548.6437377929688,11.383502006530762,102.34461212158203,16,16
2,17,2026-01-28 00:32:07.548,41.0,843.070068359375,546.8771362304688,11.376320838928223,101.82849884033203,17,17
2,18,2026-01-28 00:32:07.742,41.0,843.5115356445312,545.2056274414062,11.358908653259277,101.33269500732422,18,18
2,19,2026-01-28 00:32:07.946,42.0,844.26318359375,543.399658203125,11.35067367553711,100.78865814208984,19,19
2,20,2026-01-28 00:32:08.139,43.0,844.230712890625,541.62255859375,11.311635971069336,100.2446517944336,20,20
2,21,2026-01-28 00:32:08.334,43.0,845.62890625,539.6331787109375,11.324933052062988,99.62519836425781,21,21
2,22,2026-01-28 00:32:08.531,44.0,846.7233276367188,537.9346923828125,11.332448959350586,99.08735656738281,22,22
2,23,2026-01-28 00:32:08.728,43.0,847.75390625,536.766845703125,11.349027633666992,98.71265411376953,23,23
2,24,2026-01-28 00:32:08.929,43.0,848.6737060546875,535.4635620117188,11.358290672302246,98.28968811035156,24,24
2,25,2026-01-28 00:32:09.128,43.0,849.4580078125,533.8109741210938,11.354401588439941,97.74593353271484,25,25
2,26,2026-01-28 00:32:09.332,43.0,850.0357666015625,532.7188110351562,11.354268074035645,97.3819351196289,25,25
2,27,2026-01-28 00:32:09.529,44.0,850.5123291015625,531.037841796875,11.336770057678223,96.81432342529297,25,25
2,28,2026-01-28 00:32:09.733,45.0,851.1324462890625,529.385009765625,11.325689315795898,96.24730682373047,25,25
2,29,2026-01-28 00:32:09.922,45.0,851.7842407226562,528.6146850585938,11.33584213256836,95.97997283935547,25,25
2,30,2026-01-28 00:32:10.112,45.0,852.501708984375,526.7402954101562,11.323715209960938,95.32113647460938,25,25
2,31,2026-01-28 00:32:10.301,45.0,852.4899291992188,526.0902099609375,11.30827522277832,95.08982849121094,25,25
2,32,2026-01-28 00:32:10.488,45.0,853.0543212890625,525.0023193359375,11.307413101196289,94.699462890625,25,25
2,33,2026-01-28 00:32:10.681,45.0,853.280517578125,523.8715209960938,11.290873527526855,94.2892837524414,25,25
2,34,2026-01-28 00:32:10.878,45.0,853.676513671875,522.3976440429688,11.273457527160645,93.74775695800781,25,25
2,35,2026-01-28 00:32:11.072,45.0,853.7425537109375,520.6170654296875,11.23390007019043,93.0829086303711,25,25
2,36,2026-01-28 00:32:11.270,45.0,854.4893798828125,519.364990234375,11.236725807189941,92.6082763671875,25,25
2,37,2026-01-28 00:32:11.465,45.0,854.9925537109375,518.2255859375,11.231456756591797,92.171142578125,25,25
2,38,2026-01-28 00:32:11.656,45.0,855.658203125,517.384765625,11.240715980529785,91.8453140258789,25,25
2,39,2026-01-28 00:32:11.857,47.0,855.938232421875,515.8216552734375,11.214902877807617,91.23213958740234,25,25
2,40,2026-01-28 00:32:12.048,45.0,856.7440185546875,514.771484375,11.225371360778809,90.81463623046875,25,25
2,41,2026-01-28 00:32:12.252,46.0,857.512939453125,513.1207885742188,11.219268798828125,90.14920806884766,25,25
2,42,2026-01-28 00:32:12.495,45.0,858.1265869140625,512.1488647460938,11.223031044006348,89.7520523071289,25,25
2,43,2026-01-28 00:32:12.697,45.0,858.878662109375,510.7270812988281,11.221854209899902,89.16375732421875,25,25
2,44,2026-01-28 00:32:12.888,41.0,859.6221923828125,509.932373046875,11.236235618591309,88.83108520507812,25,25
2,45,2026-01-28 00:32:13.101,38.0,859.994384765625,509.11492919921875,11.232794761657715,88.48597717285156,25,25
3,1,2026-01-28 00:32:04.304,0.0,773.0672607421875,510.2794189453125,7.222219467163086,88.9767074584961,1,1
3,2,2026-01-28 00:32:04.525,0.0,773.0684814453125,510.2859802246094,7.222581386566162,88.97945404052734,2,2
3,3,2026-01-28 00:32:04.729,0.0,773.0673828125,510.28564453125,7.222514629364014,88.97930908203125,3,3
3,4,2026-01-28 00:32:04.933,0.0,773.505126953125,509.57696533203125,7.209875583648682,88.68140411376953,4,4
3,5,2026-01-28 00:32:05.132,13.0,774.4428100585938,508.4613037109375,7.201448440551758,88.20787048339844,5,5
3,6,2026-01-28 00:32:05.345,26.0,775.7003173828125,507.40704345703125,7.210920333862305,87.75520324707031,6,6
3,7,2026-01-28 00:32:05.546,33.0,777.0181884765625,506.2940368652344,7.220576286315918,87.27174377441406,7,7
3,8,2026-01-28 00:32:05.743,40.0,778.0123291015625,504.87078857421875,7.200032711029053,86.64501953125,8,8
3,9,2026-01-28 00:32:05.934,41.0,779.4266357421875,503.70294189453125,7.21175479888916,86.12349700927734,9,9
3,10,2026-01-28 00:32:06.137,42.0,780.5887451171875,502.46905517578125,7.208202362060547,85.56522369384766,10,10
3,11,2026-01-28 00:32:06.331,41.0,781.39208984375,501.53887939453125,7.201949596405029,85.13932800292969,11,11
3,12,2026-01-28 00:32:06.530,40.0,782.1610107421875,500.85009765625,7.205790042877197,84.82113647460938,12,12
3,13,2026-01-28 00:32:06.746,39.0,783.20166015625,499.92974853515625,7.211617469787598,84.39215850830078,13,13
3,14,2026-01-28 00:32:06.935,38.0,784.372802734375,499.1456604003906,7.230679035186768,84.02320861816406,14,14
3,15,2026-01-28 00:32:07.145,38.0,785.086669921875,498.60797119140625,7.23942756652832,83.76831817626953,15,15
3,16,2026-01-28 00:32:07.363,38.0,786.252685546875,497.83526611328125,7.25906229019165,83.39932250976562,16,16
3,17,2026-01-28 00:32:07.548,38.0,786.4842529296875,496.9199523925781,7.225069046020508,82.95805358886719,17,17
3,18,2026-01-28 00:32:07.742,38.0,786.89453125,496.056396484375,7.2023091316223145,82.53751373291016,18,18
3,19,2026-01-28 00:32:07.946,38.0,787.614990234375,495.1165466308594,7.1911187171936035,82.0750961303711,19,19
3,20,2026-01-28 00:32:08.139,38.0,787.8604736328125,493.81634521484375,7.137210845947266,81.42713165283203,20,20
3,21,2026-01-28 00:32:08.334,39.0,788.6785888671875,492.6094970703125,7.116692066192627,80.81692504882812,21,21
3,22,2026-01-28 00:32:08.531,39.0,789.8668212890625,491.6683349609375,7.128840923309326,80.33509826660156,22,22
3,23,2026-01-28 00:32:08.728,39.0,791.4599609375,491.06915283203125,7.179906368255615,80.02557373046875,23,23
3,24,2026-01-28 00:32:08.929,38.0,792.5953979492188,490.44073486328125,7.206061840057373,79.6986083984375,24,24
3,25,2026-01-28 00:32:09.128,39.0,793.6480712890625,489.392333984375,7.206182479858398,79.14771270751953,25,25
3,26,2026-01-28 00:32:09.332,39.0,794.5228271484375,488.6907043457031,7.215192794799805,78.77519989013672,25,25
3,27,2026-01-28 00:32:09.530,39.0,795.3975830078125,487.95904541015625,7.222696781158447,78.3834228515625,25,25
3,28,2026-01-28 00:32:09.733,40.0,796.2157592773438,487.1022033691406,7.220650672912598,77.92024230957031,25,25
3,29,2026-01-28 00:32:09.922,40.0,797.1903686523438,486.2691955566406,7.228174686431885,77.46536254882812,25,25
3,30,2026-01-28 00:32:10.112,40.0,798.1923828125,485.2087097167969,7.225079536437988,76.8796157836914,25,25
3,31,2026-01-28 00:32:10.301,39.0,799.2876586914062,484.7928161621094,7.261555194854736,76.64783477783203,25,25
3,32,2026-01-28 00:32:10.488,39.0,801.380859375,483.78277587890625,7.3202996253967285,76.08002471923828,25,25
3,33,2026-01-28 00:32:10.681,38.0,802.3238525390625,483.1930236816406,7.339801788330078,75.74523162841797,25,25
3,34,2026-01-28 00:32:10.878,38.0,803.0736083984375,482.48052978515625,7.342345714569092,75.33751678466797,25,25
3,35,2026-01-28 00:32:11.072,37.0,803.638671875,482.1346435546875,7.354560852050781,75.1382827758789,25,25
3,36,2026-01-28 00:32:11.271,37.0,804.4673461914062,481.4659423828125,7.36387300491333,74.75069427490234,25,25
3,37,2026-01-28 00:32:11.465,37.0,805.4772338867188,480.63787841796875,7.374616622924805,74.2662582397461,25,25
3,38,2026-01-28 00:32:11.656,38.0,806.581787109375,479.70916748046875,7.385242938995361,73.7169418334961,25,25
3,39,2026-01-28 00:32:11.857,40.0,807.4676513671875,478.5894775390625,7.373350143432617,73.04609680175781,25,25
3,40,2026-01-28 00:32:12.049,40.0,807.973876953125,477.968505859375,7.367517948150635,72.6699447631836,25,25
3,41,2026-01-28 00:32:12.252,39.0,808.6741333007812,477.3092041015625,7.370429992675781,72.26731872558594,25,25
3,42,2026-01-28 00:32:12.495,41.0,809.5499267578125,476.17718505859375,7.35698938369751,71.56805419921875,25,25
3,43,2026-01-28 00:32:12.697,41.0,810.1884155273438,475.4315185546875,7.351534843444824,71.10187530517578,25,25
3,44,2026-01-28 00:32:12.888,41.0,810.8433837890625,474.7088623046875,7.348268032073975,70.64578247070312,25,25
3,45,2026-01-28 00:32:13.101,39.0,811.5675048828125,474.0614013671875,7.3531999588012695,70.2334976196289,25,25
4,1,2026-01-28 00:32:04.304,0.0,1149.06201171875,647.2888793945312,21.073631286621094,122.31297302246094,1,1
4,2,2026-01-28 00:32:04.525,0.0,1149.0576171875,647.295166015625,21.07341766357422,122.31385803222656,2,2
4,3,2026-01-28 00:32:04.729,0.0,1149.061279296875,647.3016357421875,21.073415756225586,122.31477355957031,3,3
4,4,2026-01-28 00:32:04.933,0.0,1153.448974609375,655.0498046875,21.072853088378906,123.3845443725586,4,4
4,5,2026-01-28 00:32:05.132,48.0,1159.3563232421875,663.7491455078125,21.097471237182617,124.52811431884766,5,5
4,6,2026-01-28 00:32:05.345,96.0,1165.64453125,674.252685546875,21.104520797729492,125.83393859863281,6,6
4,7,2026-01-28 00:32:05.546,99.0,1173.595947265625,686.983154296875,21.12047004699707,127.31631469726562,7,7
4,8,2026-01-28 00:32:05.743,102.0,1181.2491455078125,698.7415771484375,21.14145278930664,128.59690856933594,8,8
4,9,2026-01-28 00:32:05.934,109.0,1188.858642578125,712.296142578125,21.13676643371582,129.97776794433594,9,9
4,10,2026-01-28 00:32:06.137,115.0,1196.900390625,726.1918334960938,21.137523651123047,131.29762268066406,10,10
4,11,2026-01-28 00:32:06.331,116.0,1206.507568359375,741.779052734375,21.150598526000977,132.67459106445312,11,11
4,12,2026-01-28 00:32:06.530,115.0,1216.50341796875,755.758056640625,21.189504623413086,133.82562255859375,12,12
5,1,2026-01-28 00:32:04.304,0.0,688.4835815429688,506.9983215332031,3.0667386054992676,87.57833099365234,1,1
5,2,2026-01-28 00:32:04.525,0.0,688.47802734375,506.98699951171875,3.065688371658325,87.57342529296875,2,2
5,3,2026-01-28 00:32:04.730,0.0,688.481689453125,506.97998046875,3.065373182296753,87.57038116455078,3,3
5,4,2026-01-28 00:32:04.933,0.0,690.2493896484375,505.8279724121094,3.0688557624816895,87.06757354736328,4,4
5,5,2026-01-28 00:32:05.132,15.0,690.9378662109375,505.0428466796875,3.046579599380493,86.72129821777344,5,5
5,6,2026-01-28 00:32:05.345,31.0,692.1262817382812,503.874755859375,3.0209786891937256,86.20064544677734,6,6
5,7,2026-01-28 00:32:05.546,33.0,693.4317626953125,503.0013122558594,3.0217669010162354,85.80696868896484,7,7
5,8,2026-01-28 00:32:05.743,35.0,695.5402221679688,501.96368408203125,3.0498147010803223,85.3343734741211,8,8
5,9,2026-01-28 00:32:05.934,38.0,697.202392578125,500.79998779296875,3.047290563583374,84.79788970947266,9,9
5,10,2026-01-28 00:32:06.137,35.0,698.8270263671875,499.95721435546875,3.0661261081695557,84.40502166748047,10,10
5,11,2026-01-28 00:32:06.331,35.0,700.3272705078125,499.3506774902344,3.0961153507232666,84.11998748779297,11,11
5,12,2026-01-28 00:32:06.530,35.0,702.9029541015625,498.2154541015625,3.141268014907837,83.5812759399414,12,12
5,13,2026-01-28 00:32:06.746,39.0,703.9585571289062,497.0948486328125,3.1121459007263184,83.042724609375,13,13
5,14,2026-01-28 00:32:06.935,35.0,705.435791015625,496.41851806640625,3.1365108489990234,82.71436309814453,14,14
5,15,2026-01-28 00:32:07.145,39.0,708.5089111328125,494.4935302734375,3.149543523788452,81.76581573486328,15,15
5,16,2026-01-28 00:32:07.363,42.0,710.6317749023438,493.04095458984375,3.1495473384857178,81.03605651855469,16,16
5,17,2026-01-28 00:32:07.548,39.0,711.9730834960938,492.2648010253906,3.1601781845092773,80.64107513427734,17,17
5,18,2026-01-28 00:32:07.742,35.0,713.2899169921875,491.5529479980469,3.174480676651001,80.2756576538086,18,18
5,19,2026-01-28 00:32:07.946,35.0,714.6298828125,490.8809509277344,3.193105697631836,79.92790985107422,19,19
5,20,2026-01-28 00:32:08.139,35.0,716.015625,489.935791015625,3.193582057952881,79.43412780761719,20,20
5,21,2026-01-28 00:32:08.334,35.0,717.1426391601562,489.31500244140625,3.2052266597747803,79.1068115234375,21,21
5,22,2026-01-28 00:32:08.531,35.0,718.5761108398438,488.4898376464844,3.2174477577209473,78.66798400878906,22,22
5,23,2026-01-28 00:32:08.728,35.0,719.4283447265625,487.76806640625,3.2070603370666504,78.28060150146484,23,23
5,24,2026-01-28 00:32:08.929,35.0,719.533203125,487.38739013671875,3.183333396911621,78.07493591308594,24,24
5,25,2026-01-28 00:32:09.129,35.0,721.3267211914062,486.73968505859375,3.228398084640503,77.72284698486328,25,25
5,26,2026-01-28 00:32:09.332,35.0,723.91943359375,485.768798828125,3.291501998901367,77.18991088867188,25,25
5,27,2026-01-28 00:32:09.530,37.0,726.20263671875,484.8345642089844,3.341569662094116,76.67115783691406,25,25
5,28,2026-01-28 00:32:09.733,37.0,726.629638671875,484.04071044921875,3.3029654026031494,76.22569274902344,25,25
5,29,2026-01-28 00:32:09.922,37.0,727.6915893554688,483.4359130859375,3.313174247741699,75.88341522216797,25,25
5,30,2026-01-28 00:32:10.112,35.0,728.6852416992188,482.956787109375,3.32958722114563,75.61044311523438,25,25
5,31,2026-01-28 00:32:10.301,37.0,729.738037109375,482.1379699707031,3.3226513862609863,75.14020538330078,25,25
5,32,2026-01-28 00:32:10.488,37.0,731.1354370117188,481.1346435546875,3.319951057434082,74.55747985839844,25,25
5,33,2026-01-28 00:32:10.682,37.0,732.3828125,480.2886962890625,3.321465492248535,74.06047058105469,25,25
5,34,2026-01-28 00:32:10.878,39.0,733.4833374023438,479.5527038574219,3.323643445968628,73.62377166748047,25,25
5,35,2026-01-28 00:32:11.072,39.0,734.9768676757812,478.17547607421875,3.296126365661621,72.79564666748047,25,25
5,36,2026-01-28 00:32:11.271,39.0,736.3030395507812,477.4363708496094,3.3106422424316406,72.3452377319336,25,25
5,37,2026-01-28 00:32:11.465,39.0,737.2310791015625,476.92559814453125,3.3214058876037598,72.031494140625,25,25
5,38,2026-01-28 00:32:11.656,39.0,738.1986083984375,476.4671630859375,3.338736057281494,71.7481460571289,25,25
5,39,2026-01-28 00:32:11.857,37.0,739.2607421875,476.21612548828125,3.3784165382385254,71.59227752685547,25,25
5,40,2026-01-28 00:32:12.049,35.0,740.0501708984375,475.7987060546875,3.389219045639038,71.33199310302734,25,25
5,41,2026-01-28 00:32:12.252,33.0,741.0755004882812,475.27484130859375,3.404829740524292,71.00334930419922,25,25
5,42,2026-01-28 00:32:12.495,37.0,742.1754150390625,474.19287109375,3.3790104389190674,70.31749725341797,25,25
5,43,2026-01-28 00:32:12.697,37.0,743.4277954101562,473.8207092285156,3.420318365097046,70.07935333251953,25,25
5,44,2026-01-28 00:32:12.888,37.0,744.3724365234375,473.02728271484375,3.4093024730682373,69.56776428222656,25,25
5,45,2026-01-28 00:32:13.101,39.0,745.2581176757812,472.3184814453125,3.401791572570801,69.10621643066406,25,25
6,1,2026-01-28 00:32:04.304,0.0,873.1781005859375,486.6118469238281,11.28075885772705,77.65303039550781,1,1
6,2,2026-01-28 00:32:04.525,0.0,873.17822265625,486.6134338378906,11.280810356140137,77.65389251708984,2,2
6,3,2026-01-28 00:32:04.730,0.0,873.1832275390625,486.6169738769531,11.28117847442627,77.65583038330078,3,3
6,4,2026-01-28 00:32:04.933,0.0,873.72509765625,486.026123046875,11.293042182922363,77.3317642211914,4,4
6,5,2026-01-28 00:32:05.133,13.0,874.2667236328125,485.4882507324219,11.306500434875488,77.03474426269531,5,5
6,6,2026-01-28 00:32:05.345,26.0,874.7130126953125,484.79486083984375,11.310455322265625,76.64897918701172,6,6
6,7,2026-01-28 00:32:05.546,27.0,874.9351196289062,483.8353271484375,11.294631004333496,76.1097412109375,7,7
6,8,2026-01-28 00:32:05.743,29.0,875.6536254882812,483.0070495605469,11.309408187866211,75.63915252685547,8,8
6,9,2026-01-28 00:32:05.934,27.0,876.0252075195312,482.5157470703125,11.315272331237793,75.35774993896484,9,9
6,10,2026-01-28 00:32:06.137,26.0,876.2927856445312,482.15283203125,11.31925106048584,75.1487808227539,10,10
6,11,2026-01-28 00:32:06.331,27.0,876.3145751953125,481.46600341796875,11.300277709960938,74.750732421875,11,11
6,12,2026-01-28 00:32:06.530,29.0,876.6708984375,480.7299499511719,11.298090934753418,74.32036590576172,12,12
6,13,2026-01-28 00:32:06.746,31.0,876.854736328125,480.01373291015625,11.286938667297363,73.89778900146484,13,13
6,14,2026-01-28 00:32:06.935,34.0,877.0391845703125,478.9002990722656,11.26375961303711,73.2332763671875,14,14
6,15,2026-01-28 00:32:07.145,35.0,877.3927001953125,478.1852111816406,11.261845588684082,72.80155181884766,15,15
6,16,2026-01-28 00:32:07.363,35.0,877.3909912109375,477.208251953125,11.231927871704102,72.20536804199219,16,16
6,17,2026-01-28 00:32:07.549,36.0,877.7154541015625,476.46038818359375,11.227192878723145,71.74394226074219,17,17
6,18,2026-01-28 00:32:07.742,35.0,877.918701171875,476.10064697265625,11.227572441101074,71.5204086303711,18,18
6,19,2026-01-28 00:32:07.946,36.0,878.234619140625,475.44671630859375,11.225220680236816,71.11141967773438,19,19
6,20,2026-01-28 00:32:08.140,36.0,878.4047241210938,474.5707092285156,11.207551002502441,70.55809783935547,20,20
6,21,2026-01-28 00:32:08.334,36.0,878.9939575195312,473.94635009765625,11.22173023223877,70.15987396240234,21,21
6,22,2026-01-28 00:32:08.531,36.0,879.6288452148438,473.3033142089844,11.238072395324707,69.74634552001953,22,22
6,23,2026-01-28 00:32:08.728,36.0,880.1121826171875,472.74163818359375,11.248334884643555,69.38227844238281,23,23
6,24,2026-01-28 00:32:08.929,36.0,880.766845703125,471.88568115234375,11.259347915649414,68.82227325439453,24,24
6,25,2026-01-28 00:32:09.129,37.0,880.8605346679688,470.90814208984375,11.233736038208008,68.17494201660156,25,25
6,26,2026-01-28 00:32:09.332,37.0,881.578125,470.11578369140625,11.250550270080566,67.64403533935547,25,25
6,27,2026-01-28 00:32:09.530,37.0,881.9028930664062,469.55609130859375,11.251760482788086,67.26561737060547,25,25
6,28,2026-01-28 00:32:09.733,37.0,882.0418701171875,469.6878662109375,11.264209747314453,67.35497283935547,25,25
6,29,2026-01-28 00:32:09.922,37.0,882.7517700195312,469.6409912109375,11.304681777954102,67.32320404052734,25,25
6,30,2026-01-28 00:32:10.113,37.0,883.218505859375,469.32537841796875,11.322284698486328,67.10881042480469,25,25
6,31,2026-01-28 00:32:10.301,37.0,883.3019409179688,467.6857604980469,11.27467155456543,65.980224609375,25,25
6,32,2026-01-28 00:32:10.488,37.0,883.6807861328125,466.97998046875,11.274493217468262,65.48664855957031,25,25
6,33,2026-01-28 00:32:10.682,38.0,884.204345703125,465.8748779296875,11.269986152648926,64.7042007446289,25,25
6,34,2026-01-28 00:32:10.878,38.0,884.5476684570312,465.12774658203125,11.266251564025879,64.16844177246094,25,25
6,35,2026-01-28 00:32:11.072,40.0,884.864013671875,464.21978759765625,11.255471229553223,63.50986099243164,25,25
6,36,2026-01-28 00:32:11.271,40.0,885.15478515625,463.85760498046875,11.261256217956543,63.24483108520508,25,25
6,37,2026-01-28 00:32:11.465,41.0,885.2745361328125,463.22723388671875,11.247527122497559,62.78034973144531,25,25
6,38,2026-01-28 00:32:11.657,40.0,885.390869140625,462.88555908203125,11.243219375610352,62.52687072753906,25,25
6,39,2026-01-28 00:32:11.857,41.0,885.8458251953125,462.2076416015625,11.24855899810791,62.02033233642578,25,25
6,40,2026-01-28 00:32:12.049,39.0,886.236083984375,462.0574951171875,11.267782211303711,61.90748596191406,25,25
6,41,2026-01-28 00:32:12.252,39.0,886.51220703125,461.25830078125,11.257956504821777,61.302791595458984,25,25
6,42,2026-01-28 00:32:12.496,43.0,887.0443725585938,460.4232177734375,11.262924194335938,60.66357421875,25,25
6,43,2026-01-28 00:32:12.697,43.0,887.5848388671875,459.861572265625,11.277849197387695,60.22935485839844,25,25
6,44,2026-01-28 00:32:12.888,43.0,887.757080078125,459.213134765625,11.26651382446289,59.72366714477539,25,25
6,45,2026-01-28 00:32:13.101,44.0,887.989013671875,458.4853515625,11.256133079528809,59.150447845458984,25,25
7,1,2026-01-28 00:32:04.304,0.0,831.663330078125,449.00445556640625,7.038248062133789,51.09054183959961,1,1
7,2,2026-01-28 00:32:04.526,2.0,831.6685791015625,448.971923828125,7.03632926940918,51.06084060668945,2,2
7,3,2026-01-28 00:32:04.730,1.0,831.6686401367188,448.9879455566406,7.037456035614014,51.075469970703125,3,3
7,4,2026-01-28 00:32:04.933,2.0,832.2403564453125,447.97308349609375,7.005333423614502,50.14153289794922,4,4
7,5,2026-01-28 00:32:05.133,8.0,832.7464599609375,448.142333984375,7.052270889282227,50.298316955566406,5,5
7,6,2026-01-28 00:32:05.345,14.0,833.847900390625,447.6581115722656,7.094419479370117,49.84864807128906,6,6
7,7,2026-01-28 00:32:05.546,25.0,834.7186279296875,447.21441650390625,7.123684406280518,49.43360137939453,7,7
7,8,2026-01-28 00:32:05.743,19.0,835.4671630859375,446.99017333984375,7.1600542068481445,49.22273254394531,8,8
7,9,2026-01-28 00:32:05.934,28.0,836.3035888671875,446.4322204589844,7.17927360534668,48.69479751586914,9,9
7,10,2026-01-28 00:32:06.137,37.0,837.15283203125,445.545654296875,7.17633581161499,47.846248626708984,10,10
7,11,2026-01-28 00:32:06.331,38.0,837.7581176757812,444.770751953125,7.164013862609863,47.09467315673828,11,11
7,12,2026-01-28 00:32:06.531,40.0,838.4805908203125,443.93218994140625,7.155324459075928,46.27073669433594,12,12
7,13,2026-01-28 00:32:06.746,44.0,839.221923828125,443.32257080078125,7.164445877075195,45.664695739746094,13,13
7,14,2026-01-28 00:32:06.935,40.0,839.8026733398438,443.1078186035156,7.190662384033203,45.44976806640625,14,14
7,15,2026-01-28 00:32:07.145,38.0,840.16650390625,443.04376220703125,7.212213039398193,45.38551712036133,15,15
7,16,2026-01-28 00:32:07.363,40.0,840.5709228515625,442.5784912109375,7.2077789306640625,44.91679000854492,16,16
7,17,2026-01-28 00:32:07.549,41.0,840.8360595703125,441.8661193847656,7.175203800201416,44.192176818847656,17,17
7,18,2026-01-28 00:32:07.742,42.0,841.1921997070312,441.20074462890625,7.152356147766113,43.50764846801758,18,18
7,19,2026-01-28 00:32:07.946,41.0,841.4609375,440.90765380859375,7.150402069091797,43.2037239074707,19,19
7,20,2026-01-28 00:32:08.140,42.0,842.0713500976562,440.1697998046875,7.14056921005249,42.43201446533203,20,20
7,21,2026-01-28 00:32:08.334,44.0,842.80712890625,439.5469970703125,7.148507118225098,41.77320098876953,21,21
7,22,2026-01-28 00:32:08.531,42.0,843.3818359375,439.1436462402344,7.160988807678223,41.34284210205078,22,22
7,23,2026-01-28 00:32:08.728,41.0,844.2357177734375,438.8802185058594,7.204823970794678,41.06019592285156,23,23
7,24,2026-01-28 00:32:08.929,40.0,844.7388305664062,438.566162109375,7.218894004821777,40.721580505371094,24,24
7,25,2026-01-28 00:32:09.129,41.0,845.4082641601562,437.848388671875,7.215240001678467,39.940879821777344,25,25
7,26,2026-01-28 00:32:09.332,44.0,845.966552734375,437.24658203125,7.211915969848633,39.27892303466797,25,25
7,27,2026-01-28 00:32:09.530,44.0,846.5093994140625,437.18853759765625,7.248537540435791,39.214717864990234,25,25
7,28,2026-01-28 00:32:09.733,44.0,846.8592529296875,436.32208251953125,7.209410667419434,38.24863815307617,25,25
7,29,2026-01-28 00:32:09.922,49.0,847.6055908203125,435.82098388671875,7.228100776672363,37.683311462402344,25,25
7,30,2026-01-28 00:32:10.113,52.0,848.2735595703125,434.90289306640625,7.208871364593506,36.63470458984375,25,25
7,31,2026-01-28 00:32:10.301,54.0,848.7332763671875,434.38079833984375,7.203979969024658,36.030860900878906,25,25
7,32,2026-01-28 00:32:10.488,54.0,849.1146850585938,434.107666015625,7.212337017059326,35.71275329589844,25,25
7,33,2026-01-28 00:32:10.682,54.0,849.6580810546875,433.87542724609375,7.236510276794434,35.44106674194336,25,25
7,34,2026-01-28 00:32:10.878,52.0,850.1993408203125,433.79937744140625,7.272716045379639,35.35186004638672,25,25
7,35,2026-01-28 00:32:11.072,46.0,850.5182495117188,433.52764892578125,7.276516437530518,35.032135009765625,25,25
7,36,2026-01-28 00:32:11.271,40.0,850.7623291015625,433.2596130371094,7.274771690368652,34.71524429321289,25,25
7,37,2026-01-28 00:32:11.465,40.0,850.9650268554688,432.8163757324219,7.256097793579102,34.18791198730469,25,25
7,38,2026-01-28 00:32:11.657,41.0,851.3533325195312,432.43524169921875,7.256776809692383,33.73112869262695,25,25
7,39,2026-01-28 00:32:11.858,44.0,852.34521484375,431.72900390625,7.279632091522217,32.87644958496094,25,25
7,40,2026-01-28 00:32:12.049,44.0,853.2140502929688,431.64752197265625,7.342120170593262,32.77714157104492,25,25
7,41,2026-01-28 00:32:12.252,44.0,854.0250244140625,430.986572265625,7.354804039001465,31.966203689575195,25,25
7,42,2026-01-28 00:32:12.496,44.0,854.643310546875,429.9703369140625,7.3239850997924805,30.700281143188477,25,25
7,43,2026-01-28 00:32:12.697,49.0,855.1473388671875,429.3686828613281,7.3166399002075195,29.939678192138672,25,25
7,44,2026-01-28 00:32:12.888,49.0,855.559326171875,428.77911376953125,7.302694320678711,29.18616485595703,25,25
7,45,2026-01-28 00:32:13.102,44.0,856.0824584960938,428.64825439453125,7.33476448059082,29.017805099487305,25,25
8,1,2026-01-28 00:32:04.304,0.0,1026.3056640625,441.0629577636719,20.678733825683594,43.364952087402344,1,1
8,2,2026-01-28 00:32:04.526,0.0,1026.305419921875,441.06292724609375,20.6787166595459,43.36492156982422,2,2
8,3,2026-01-28 00:32:04.730,0.0,1026.3056640625,441.0616455078125,20.678783416748047,43.36359405517578,3,3
8,4,2026-01-28 00:32:04.933,0.0,1026.64013671875,441.36627197265625,20.691530227661133,43.67864227294922,4,4
8,5,2026-01-28 00:32:05.133,14.0,1027.011474609375,443.0225524902344,20.655588150024414,45.364227294921875,5,5
8,6,2026-01-28 00:32:05.345,28.0,1027.012939453125,443.79669189453125,20.626811981201172,46.13655090332031,6,6
8,7,2026-01-28 00:32:05.546,48.0,1027.162109375,444.59283447265625,20.60808563232422,46.9207878112793,7,7
8,8,2026-01-28 00:32:05.743,69.0,1028.8809814453125,446.121826171875,20.673315048217773,48.39907455444336,8,8
8,9,2026-01-28 00:32:05.934,70.0,1029.2896728515625,447.0378112792969,20.668367385864258,49.2675895690918,9,9
8,10,2026-01-28 00:32:06.137,70.0,1029.614501953125,448.7816162109375,20.62799072265625,50.88678741455078,10,10
8,11,2026-01-28 00:32:06.331,74.0,1030.01806640625,450.16552734375,20.606632232666016,52.14085006713867,11,11
8,12,2026-01-28 00:32:06.531,78.0,1030.5531005859375,451.91400146484375,20.58197593688965,53.68754577636719,12,12
8,13,2026-01-28 00:32:06.746,95.0,1031.357177734375,453.7733154296875,20.572023391723633,55.287818908691406,13,13
8,14,2026-01-28 00:32:06.935,96.0,1031.8671875,455.04437255859375,20.56277847290039,56.35636901855469,14,14
8,15,2026-01-28 00:32:07.145,91.0,1032.896484375,456.2141418457031,20.590801239013672,57.32209777832031,15,15
8,16,2026-01-28 00:32:07.363,86.0,1034.1273193359375,457.2675476074219,20.635221481323242,58.177642822265625,16,16
8,17,2026-01-28 00:32:07.549,91.0,1034.462646484375,458.67926025390625,20.60982894897461,59.30376434326172,17,17
8,18,2026-01-28 00:32:07.742,92.0,1035.24658203125,459.99359130859375,20.61646842956543,60.33173370361328,18,18
8,19,2026-01-28 00:32:07.946,94.0,1035.577880859375,461.6015625,20.585193634033203,61.5633544921875,19,19
8,20,2026-01-28 00:32:08.140,96.0,1036.77783203125,463.3941345214844,20.602413177490234,62.903724670410156,20,20
8,21,2026-01-28 00:32:08.334,98.0,1037.8570556640625,464.97216796875,20.618616104125977,64.05618286132812,21,21
8,22,2026-01-28 00:32:08.531,101.0,1038.626708984375,466.8475341796875,20.60651206970215,65.39349365234375,22,22
8,23,2026-01-28 00:32:08.728,102.0,1039.88037109375,469.0517578125,20.613393783569336,66.92219543457031,23,23
8,24,2026-01-28 00:32:08.929,103.0,1040.4296875,470.8653564453125,20.590627670288086,68.14641571044922,24,24
8,25,2026-01-28 00:32:09.129,106.0,1040.9849853515625,472.7486267089844,20.56668472290039,69.38682556152344,25,25
8,26,2026-01-28 00:32:09.332,106.0,1041.7982177734375,474.0858154296875,20.5740966796875,70.24910736083984,25,25
8,27,2026-01-28 00:32:09.530,110.0,1042.9676513671875,476.9743957519531,20.556575775146484,72.06155395507812,25,25
8,28,2026-01-28 00:32:09.733,110.0,1044.06298828125,478.83660888671875,20.564634323120117,73.19497680664062,25,25
8,29,2026-01-28 00:32:09.922,110.0,1045.1533203125,481.0557861328125,20.562185287475586,74.51136779785156,25,25
8,30,2026-01-28 00:32:10.113,111.0,1046.811279296875,483.2178649902344,20.59214973449707,75.75938415527344,25,25
8,31,2026-01-28 00:32:10.301,111.0,1048.141357421875,485.4624328613281,20.601516723632812,77.02043914794922,25,25
8,32,2026-01-28 00:32:10.488,111.0,1048.5543212890625,487.5670166015625,20.566036224365234,78.1720962524414,25,25
8,33,2026-01-28 00:32:10.682,111.0,1049.58740234375,489.73675537109375,20.562028884887695,79.3294448852539,25,25
8,34,2026-01-28 00:32:10.878,111.0,1050.1781005859375,492.215576171875,20.52729606628418,80.61589813232422,25,25
8,35,2026-01-28 00:32:11.072,111.0,1051.831787109375,494.94146728515625,20.541006088256836,81.98841094970703,25,25
8,36,2026-01-28 00:32:11.271,110.0,1053.5548095703125,497.19708251953125,20.569734573364258,83.0921401977539,25,25
8,37,2026-01-28 00:32:11.465,110.0,1055.4481201171875,500.1676025390625,20.5880184173584,84.5034408569336,25,25
8,38,2026-01-28 00:32:11.657,111.0,1056.7630615234375,503.15179443359375,20.577438354492188,85.87506103515625,25,25
8,39,2026-01-28 00:32:11.858,111.0,1058.590576171875,505.74847412109375,20.601043701171875,87.03263854980469,25,25
8,40,2026-01-28 00:32:12.049,111.0,1059.882080078125,509.0222473144531,20.58250617980957,88.4466552734375,25,25
8,41,2026-01-28 00:32:12.252,112.0,1061.1954345703125,512.0113525390625,20.572311401367188,89.6955337524414,25,25
8,42,2026-01-28 00:32:12.496,112.0,1062.6729736328125,514.7833251953125,20.574922561645508,90.81937408447266,25,25
8,43,2026-01-28 00:32:12.697,112.0,1064.873291015625,518.213134765625,20.594655990600586,92.16633605957031,25,25
8,44,2026-01-28 00:32:12.889,112.0,1066.976806640625,521.4803466796875,20.613155364990234,93.4067153930664,25,25
8,45,2026-01-28 00:32:13.102,112.0,1069.07861328125,525.1366577148438,20.62228775024414,94.74789428710938,25,25
9,1,2026-01-28 00:32:04.304,0.0,792.4269409179688,480.1316223144531,6.626152515411377,73.96760559082031,1,1
9,2,2026-01-28 00:32:04.526,0.0,792.418701171875,480.11920166015625,6.624964714050293,73.96025848388672,2,2
9,3,2026-01-28 00:32:04.730,0.0,792.4056396484375,480.11944580078125,6.624257564544678,73.96040344238281,3,3
9,4,2026-01-28 00:32:04.933,0.0,792.3504638671875,479.8965759277344,6.608038425445557,73.82830810546875,4,4
9,5,2026-01-28 00:32:05.133,6.0,793.5394287109375,479.0856628417969,6.625922679901123,73.34455108642578,5,5
9,6,2026-01-28 00:32:05.346,11.0,793.9674072265625,477.96826171875,6.58308219909668,72.6697998046875,6,6
9,7,2026-01-28 00:32:05.546,20.0,795.0146484375,477.453369140625,6.610898017883301,72.35564422607422,7,7
9,8,2026-01-28 00:32:05.743,28.0,795.40625,476.9201965332031,6.600833415985107,72.02816009521484,8,8
9,9,2026-01-28 00:32:05.934,28.0,796.3917236328125,475.8659973144531,6.592718124389648,71.3740463256836,9,9
9,10,2026-01-28 00:32:06.137,29.0,797.1082153320312,474.97491455078125,6.579121112823486,70.81419372558594,10,10
9,11,2026-01-28 00:32:06.331,36.0,797.7273559570312,473.9739990234375,6.552992343902588,70.17758178710938,11,11
9,12,2026-01-28 00:32:06.531,34.0,798.2735595703125,473.38323974609375,6.547837257385254,69.79793548583984,12,12
9,13,2026-01-28 00:32:06.746,36.0,798.852294921875,472.7196960449219,6.539985656738281,69.36800384521484,13,13
9,14,2026-01-28 00:32:06.935,38.0,799.923095703125,471.99169921875,6.556663990020752,68.89198303222656,14,14
9,15,2026-01-28 00:32:07.145,36.0,801.085205078125,471.4673767089844,6.591609001159668,68.54629516601562,15,15
9,16,2026-01-28 00:32:07.363,38.0,801.840576171875,470.7860107421875,6.5930938720703125,68.09347534179688,16,16
9,17,2026-01-28 00:32:07.549,36.0,802.6371459960938,470.2933654785156,6.608918190002441,67.76350402832031,17,17
9,18,2026-01-28 00:32:07.742,38.0,804.563232421875,469.31787109375,6.661228179931641,67.10369873046875,18,18
9,19,2026-01-28 00:32:07.946,38.0,805.4007568359375,468.70953369140625,6.672563076019287,66.68783569335938,19,19
9,20,2026-01-28 00:32:08.140,38.0,805.8143310546875,467.2226867675781,6.602489948272705,65.65691375732422,20,20
9,21,2026-01-28 00:32:08.334,38.0,806.6126708984375,466.65570068359375,6.6140456199646,65.2582778930664,21,21
9,22,2026-01-28 00:32:08.531,37.0,807.4389038085938,466.14111328125,6.630767345428467,64.89379119873047,22,22
9,23,2026-01-28 00:32:08.728,36.0,808.6909790039062,466.0806579589844,6.702701091766357,64.85079956054688,23,23
9,24,2026-01-28 00:32:08.929,35.0,809.7412109375,465.52679443359375,6.730898857116699,64.45528411865234,24,24
9,25,2026-01-28 00:32:09.129,35.0,810.94873046875,465.00848388671875,6.771193981170654,64.08240509033203,25,25
9,26,2026-01-28 00:32:09.332,36.0,811.3944091796875,463.88641357421875,6.726068496704102,63.265960693359375,25,25
9,27,2026-01-28 00:32:09.530,38.0,812.1016235351562,463.1343994140625,6.720683574676514,62.71159744262695,25,25
9,28,2026-01-28 00:32:09.733,38.0,812.842041015625,462.7755126953125,6.74306583404541,62.44497299194336,25,25
9,29,2026-01-28 00:32:09.922,38.0,813.7962036132812,461.77020263671875,6.736464500427246,61.69089889526367,25,25
9,30,2026-01-28 00:32:10.113,38.0,814.4866943359375,461.0402526855469,6.731466770172119,61.136619567871094,25,25
9,31,2026-01-28 00:32:10.301,39.0,814.394775390625,460.0172119140625,6.657402038574219,60.350032806396484,25,25
9,32,2026-01-28 00:32:10.488,41.0,814.798828125,459.38134765625,6.64009952545166,59.85530090332031,25,25
9,33,2026-01-28 00:32:10.682,39.0,815.3135986328125,459.18096923828125,6.659248352050781,59.69845962524414,25,25
9,34,2026-01-28 00:32:10.878,38.0,816.343505859375,458.63433837890625,6.68787145614624,59.26828384399414,25,25
9,35,2026-01-28 00:32:11.072,38.0,817.1260986328125,458.0921325683594,6.701171875,58.83821487426758,25,25
9,36,2026-01-28 00:32:11.271,38.0,817.7891845703125,457.0736389160156,6.674342155456543,58.021148681640625,25,25
9,37,2026-01-28 00:32:11.465,39.0,818.646240234375,456.2510070800781,6.673259735107422,57.352264404296875,25,25
9,38,2026-01-28 00:32:11.657,39.0,819.0778198242188,455.697021484375,6.663027763366699,56.89723587036133,25,25
9,39,2026-01-28 00:32:11.858,39.0,819.7993774414062,455.4388427734375,6.692237854003906,56.683902740478516,25,25
9,40,2026-01-28 00:32:12.049,39.0,820.1114501953125,454.728515625,6.663273334503174,56.09272003173828,25,25
9,41,2026-01-28 00:32:12.252,39.0,820.1654052734375,454.36639404296875,6.6414642333984375,55.7889289855957,25,25
9,42,2026-01-28 00:32:12.496,39.0,821.6674194335938,453.67510986328125,6.692128658294678,55.204410552978516,25,25
9,43,2026-01-28 00:32:12.697,39.0,822.0775146484375,453.391845703125,6.699414253234863,54.96314239501953,25,25
9,44,2026-01-28 00:32:12.889,39.0,822.8662109375,452.7198486328125,6.704540729522705,54.38664245605469,25,25
9,45,2026-01-28 00:32:13.102,42.0,823.799560546875,452.09100341796875,6.722471237182617,53.841835021972656,25,25
11,1,2026-01-28 00:32:04.304,0.0,1092.2021484375,420.6299743652344,27.422330856323242,17.863401412963867,1,1
11,2,2026-01-28 00:32:04.526,0.0,1092.203369140625,420.6305236816406,27.422374725341797,17.864227294921875,2,2
11,3,2026-01-28 00:32:04.730,0.0,1092.20361328125,420.6302490234375,27.422428131103516,17.863815307617188,3,3
11,4,2026-01-28 00:32:04.933,0.0,1092.719482421875,421.4732666015625,27.372657775878906,19.1197566986084,4,4
11,5,2026-01-28 00:32:05.133,18.0,1092.891357421875,421.7514953613281,27.35655403137207,19.52968406677246,5,5
11,6,2026-01-28 00:32:05.346,27.0,1093.184326171875,421.9625244140625,27.358524322509766,19.83910369873047,6,6
11,7,2026-01-28 00:32:05.547,32.0,1094.159423828125,422.6599426269531,27.365571975708008,20.852615356445312,7,7
11,8,2026-01-28 00:32:05.743,36.0,1095.2857666015625,423.2505798339844,27.397249221801758,21.70020294189453,8,8
11,9,2026-01-28 00:32:05.934,56.0,1096.4205322265625,424.5552978515625,27.351306915283203,23.538475036621094,9,9
11,10,2026-01-28 00:32:06.137,76.0,1097.5302734375,426.0350341796875,27.2857723236084,25.568408966064453,10,10
11,11,2026-01-28 00:32:06.331,68.0,1098.653076171875,426.5380859375,27.325883865356445,26.245622634887695,11,11
11,12,2026-01-28 00:32:06.531,60.0,1099.4249267578125,426.94940185546875,27.34629249572754,26.79458999633789,12,12
11,13,2026-01-28 00:32:06.746,57.0,1100.559326171875,427.4013977050781,27.392139434814453,27.392986297607422,13,13
11,14,2026-01-28 00:32:06.935,60.0,1101.54052734375,428.0556335449219,27.403663635253906,28.250232696533203,14,14
11,15,2026-01-28 00:32:07.145,68.0,1102.65869140625,428.89923095703125,27.406362533569336,29.340349197387695,15,15
11,16,2026-01-28 00:32:07.363,76.0,1103.3505859375,429.671630859375,27.381996154785156,30.323707580566406,16,16
11,17,2026-01-28 00:32:07.549,76.0,1104.3936767578125,430.41033935546875,27.389602661132812,31.25126075744629,17,17
11,18,2026-01-28 00:32:07.742,77.0,1105.9251708984375,431.2357482910156,27.427114486694336,32.2730598449707,18,18
11,19,2026-01-28 00:32:07.947,80.0,1107.1749267578125,432.0434265136719,27.44361686706543,33.25829315185547,19,19
11,20,2026-01-28 00:32:08.140,83.0,1108.00244140625,433.0198974609375,27.409709930419922,34.430564880371094,20,20
11,21,2026-01-28 00:32:08.334,86.0,1109.186279296875,434.21295166015625,27.38246726989746,35.83555603027344,21,21
11,22,2026-01-28 00:32:08.531,88.0,1110.017333984375,435.2403564453125,27.34498405456543,37.022090911865234,22,22
11,23,2026-01-28 00:32:08.728,86.0,1110.3284912109375,435.7354736328125,27.320323944091797,37.58634948730469,23,23
11,24,2026-01-28 00:32:08.929,88.0,1111.6190185546875,436.770751953125,27.31795883178711,38.75069046020508,24,24
11,25,2026-01-28 00:32:09.129,88.0,1113.3607177734375,437.78826904296875,27.35124969482422,39.875057220458984,25,25
11,26,2026-01-28 00:32:09.333,88.0,1114.9132080078125,438.67706298828125,27.382183074951172,40.84135818481445,25,25
11,27,2026-01-28 00:32:09.530,88.0,1116.363525390625,439.443115234375,27.416791915893555,41.66264343261719,25,25
11,28,2026-01-28 00:32:09.734,88.0,1117.915771484375,440.3902587890625,27.441255569458008,42.6635856628418,25,25
11,29,2026-01-28 00:32:09.923,89.0,1119.506591796875,441.5807800292969,27.445228576660156,43.89954376220703,25,25
11,30,2026-01-28 00:32:10.113,90.0,1120.924560546875,442.8577575683594,27.428627014160156,45.19855880737305,25,25
11,31,2026-01-28 00:32:10.301,91.0,1121.933349609375,444.1114807128906,27.385316848754883,46.447837829589844,25,25
11,32,2026-01-28 00:32:10.488,91.0,1123.260986328125,444.99462890625,27.399028778076172,47.31277084350586,25,25
11,33,2026-01-28 00:32:10.682,89.0,1124.1004638671875,445.7423095703125,27.390457153320312,48.03550720214844,25,25
11,34,2026-01-28 00:32:10.878,89.0,1125.7978515625,446.8597412109375,27.40873146057129,49.099735260009766,25,25
11,35,2026-01-28 00:32:11.072,89.0,1127.66748046875,447.5649108886719,27.475502014160156,49.7617073059082,25,25
11,36,2026-01-28 00:32:11.271,91.0,1129.403076171875,449.1237487792969,27.456172943115234,51.19932556152344,25,25
11,37,2026-01-28 00:32:11.465,93.0,1130.5025634765625,450.51495361328125,27.408832550048828,52.45327377319336,25,25
11,38,2026-01-28 00:32:11.657,93.0,1132.4302978515625,451.63690185546875,27.441381454467773,53.44517135620117,25,25
11,39,2026-01-28 00:32:11.858,91.0,1133.685791015625,452.43255615234375,27.4566707611084,54.13838577270508,25,25
11,40,2026-01-28 00:32:12.049,92.0,1135.5811767578125,453.6468811035156,27.47827911376953,55.18041229248047,25,25
11,41,2026-01-28 00:32:12.252,94.0,1137.488037109375,455.4184875488281,27.45301055908203,56.66704559326172,25,25
11,42,2026-01-28 00:32:12.496,98.0,1139.034423828125,456.85736083984375,27.432819366455078,57.846073150634766,25,25
11,43,2026-01-28 00:32:12.697,99.0,1140.34521484375,458.2233581542969,27.40397071838379,58.94261169433594,25,25
11,44,2026-01-28 00:32:12.889,97.0,1142.482666015625,459.1592102050781,27.46335220336914,59.681400299072266,25,25
11,45,2026-01-28 00:32:13.102,94.0,1143.94482421875,460.26416015625,27.465469360351562,60.540958404541016,25,25
12,1,2026-01-28 00:32:04.305,0.0,907.4636840820312,422.5098876953125,11.250720977783203,20.635719299316406,1,1
12,2,2026-01-28 00:32:04.526,0.0,907.4631958007812,422.509765625,11.250673294067383,20.635541915893555,2,2
12,3,2026-01-28 00:32:04.730,0.0,907.4630126953125,422.5100402832031,11.250670433044434,20.63593864440918,3,3
12,4,2026-01-28 00:32:04.933,0.0,907.856201171875,422.72698974609375,11.2947416305542,20.949321746826172,4,4
12,5,2026-01-28 00:32:05.133,5.0,907.9073486328125,422.81207275390625,11.303096771240234,21.071861267089844,5,5
12,6,2026-01-28 00:32:05.346,11.0,908.0147094726562,422.09881591796875,11.279135704040527,20.038259506225586,6,6
12,7,2026-01-28 00:32:05.547,19.0,908.1529541015625,421.75634765625,11.275057792663574,19.53681182861328,7,7
12,8,2026-01-28 00:32:05.744,28.0,908.46875,421.107666015625,11.27198314666748,18.577659606933594,8,8
12,9,2026-01-28 00:32:05.934,36.0,908.555419921875,420.7657775878906,11.263334274291992,18.067150115966797,9,9
12,10,2026-01-28 00:32:06.137,45.0,908.9950561523438,420.23974609375,11.2769775390625,17.274852752685547,10,10
12,11,2026-01-28 00:32:06.332,36.0,909.318603515625,420.2405090332031,11.3056058883667,17.27600860595703,11,11
12,12,2026-01-28 00:32:06.531,45.0,909.778076171875,419.84326171875,11.327427864074707,16.67214012145996,12,12
12,13,2026-01-28 00:32:06.746,45.0,910.2135620117188,419.38427734375,11.344356536865234,15.968392372131348,13,13
12,14,2026-01-28 00:32:06.935,45.0,910.7091064453125,418.90106201171875,11.365670204162598,15.22040843963623,14,14
12,15,2026-01-28 00:32:07.145,48.0,911.2830810546875,418.5389404296875,11.399993896484375,14.655043601989746,15,15
14,1,2026-01-28 00:32:04.305,0.0,852.4722900390625,427.69677734375,6.960653305053711,27.78131675720215,1,1
14,2,2026-01-28 00:32:04.526,0.0,852.4743041992188,427.6965637207031,6.960801124572754,27.781036376953125,2,2
14,3,2026-01-28 00:32:04.730,0.0,852.47412109375,427.69647216796875,6.96077823638916,27.780916213989258,3,3
14,4,2026-01-28 00:32:04.934,0.0,852.8822021484375,427.2077331542969,6.95291805267334,27.13721466064453,4,4
14,5,2026-01-28 00:32:05.133,14.0,853.2633056640625,426.9653625488281,6.963791370391846,26.815807342529297,5,5
14,6,2026-01-28 00:32:05.346,28.0,853.6451416015625,426.49017333984375,6.954869270324707,26.181398391723633,6,6
14,7,2026-01-28 00:32:05.547,31.0,854.2444458007812,426.20361328125,6.980224132537842,25.796070098876953,7,7
14,8,2026-01-28 00:32:05.744,34.0,854.7335815429688,425.8765869140625,6.993033409118652,25.353769302368164,8,8
14,9,2026-01-28 00:32:05.934,31.0,855.1283569335938,425.7384033203125,7.014224052429199,25.166053771972656,9,9
14,10,2026-01-28 00:32:06.137,28.0,855.759765625,425.6515808105469,7.059703350067139,25.047855377197266,10,10
14,11,2026-01-28 00:32:06.332,31.0,856.3024291992188,425.3824768066406,7.082276821136475,24.680267333984375,11,11
14,12,2026-01-28 00:32:06.531,33.0,856.6844482421875,424.42803955078125,7.032442092895508,23.361204147338867,12,12
14,13,2026-01-28 00:32:06.746,33.0,856.9083251953125,424.10888671875,7.023751735687256,22.914710998535156,13,13
14,14,2026-01-28 00:32:06.935,33.0,857.4841918945312,423.8538818359375,7.050626277923584,22.555980682373047,14,14
14,15,2026-01-28 00:32:07.145,33.0,857.949951171875,423.51544189453125,7.060956001281738,22.07714080810547,15,15
14,16,2026-01-28 00:32:07.364,34.0,858.5158081054688,423.0845947265625,7.071878433227539,21.46299171447754,16,16
14,17,2026-01-28 00:32:07.549,36.0,858.980224609375,422.781982421875,7.085376739501953,21.028547286987305,17,17
14,18,2026-01-28 00:32:07.742,39.0,859.2303466796875,422.41009521484375,7.074345588684082,20.491121292114258,18,18
14,19,2026-01-28 00:32:07.947,39.0,859.4580078125,421.8357238769531,7.0433502197265625,19.653337478637695,19,19
14,20,2026-01-28 00:32:08.140,39.0,859.92578125,421.3980407714844,7.045202255249023,19.008535385131836,20,20
14,21,2026-01-28 00:32:08.334,39.0,860.39892578125,421.37359619140625,7.084365367889404,18.97235870361328,21,21
14,22,2026-01-28 00:32:08.531,39.0,860.5921630859375,421.04461669921875,7.072014331817627,18.483774185180664,22,22
14,23,2026-01-28 00:32:08.728,40.0,860.9278564453125,420.6693420410156,7.067968368530273,17.922523498535156,23,23
14,24,2026-01-28 00:32:08.929,40.0,861.89501953125,420.3614196777344,7.125678062438965,17.4588565826416,24,24
14,25,2026-01-28 00:32:09.129,40.0,862.2474365234375,420.0249938964844,7.126767158508301,16.948993682861328,25,25
14,26,2026-01-28 00:32:09.333,42.0,862.7037353515625,419.69097900390625,7.137310981750488,16.43937110900879,25,25
14,27,2026-01-28 00:32:09.530,42.0,863.2255859375,419.42828369140625,7.160173416137695,16.036148071289062,25,25
14,28,2026-01-28 00:32:09.734,42.0,863.58447265625,419.1068115234375,7.1633148193359375,15.539789199829102,25,25
14,29,2026-01-28 00:32:09.923,42.0,863.9010009765625,418.9053955078125,7.173503398895264,15.22714900970459,25,25
15,1,2026-01-28 00:32:04.305,0.0,756.620849609375,458.7033386230469,2.8820996284484863,59.32277297973633,1,1
15,2,2026-01-28 00:32:04.526,0.0,756.61279296875,458.70465087890625,2.8817105293273926,59.32380676269531,2,2
15,3,2026-01-28 00:32:04.730,0.0,756.6126708984375,458.7042236328125,2.881662130355835,59.32347106933594,3,3
15,4,2026-01-28 00:32:04.934,0.0,756.9072265625,458.24365234375,2.856536388397217,58.958740234375,4,4
15,5,2026-01-28 00:32:05.133,2.0,757.7116088867188,458.173095703125,2.901301145553589,58.90264892578125,5,5
15,6,2026-01-28 00:32:05.346,5.0,758.6280517578125,457.8077087402344,2.9252026081085205,58.61125946044922,6,6
15,7,2026-01-28 00:32:05.547,15.0,760.0100708007812,457.2912292480469,2.9647884368896484,58.19672775268555,7,7
15,8,2026-01-28 00:32:05.744,26.0,760.92138671875,456.457763671875,2.94376540184021,57.52113723754883,8,8
15,9,2026-01-28 00:32:05.934,29.0,761.7921142578125,455.8443603515625,2.941159725189209,57.018619537353516,9,9
15,10,2026-01-28 00:32:06.137,32.0,762.5355834960938,454.64410400390625,2.872870922088623,56.02205276489258,10,10
15,11,2026-01-28 00:32:06.332,35.0,764.563232421875,453.92901611328125,2.936324119567871,55.419803619384766,11,11
15,12,2026-01-28 00:32:06.531,37.0,766.099365234375,453.32476806640625,2.9787089824676514,54.90585708618164,12,12
15,13,2026-01-28 00:32:06.747,35.0,767.058349609375,453.00201416015625,3.010721206665039,54.62942123413086,13,13
15,14,2026-01-28 00:32:06.936,32.0,767.52978515625,452.6476745605469,3.007253885269165,54.32437515258789,14,14
15,15,2026-01-28 00:32:07.146,34.0,768.5084228515625,452.1943359375,3.0279300212860107,53.93171310424805,15,15
15,16,2026-01-28 00:32:07.364,35.0,769.3192138671875,451.58154296875,3.0216619968414307,53.39662551879883,16,16
15,17,2026-01-28 00:32:07.549,35.0,770.71435546875,451.1421203613281,3.0720508098602295,53.00983810424805,17,17
15,18,2026-01-28 00:32:07.742,34.0,772.5883178710938,450.994140625,3.183969259262085,52.87900161743164,18,18
15,19,2026-01-28 00:32:07.947,35.0,773.2950439453125,450.3981628417969,3.1729793548583984,52.349037170410156,19,19
15,20,2026-01-28 00:32:08.140,34.0,774.0973510742188,450.11273193359375,3.199233055114746,52.09349822998047,20,20
15,21,2026-01-28 00:32:08.334,35.0,774.5712890625,449.411865234375,3.1618645191192627,51.461238861083984,21,21
15,22,2026-01-28 00:32:08.532,35.0,775.433837890625,448.604736328125,3.140125036239624,50.72455596923828,22,22
15,23,2026-01-28 00:32:08.728,36.0,775.8583374023438,448.0204162597656,3.110391139984131,50.185420989990234,23,23
15,24,2026-01-28 00:32:08.929,37.0,776.5035400390625,447.449462890625,3.097076177597046,49.653831481933594,24,24
15,25,2026-01-28 00:32:09.129,36.0,777.33544921875,447.1620178222656,3.125624656677246,49.384395599365234,25,25
15,26,2026-01-28 00:32:09.333,36.0,777.85107421875,446.9761962890625,3.142603635787964,49.209564208984375,25,25
15,27,2026-01-28 00:32:09.530,36.0,778.3928833007812,446.613525390625,3.14340877532959,48.866859436035156,25,25
15,28,2026-01-28 00:32:09.734,41.0,779.3479614257812,445.85406494140625,3.132484197616577,48.142791748046875,25,25
15,29,2026-01-28 00:32:09.923,45.0,780.830322265625,445.1376953125,3.1631898880004883,47.45173263549805,25,25
15,30,2026-01-28 00:32:10.113,45.0,781.699462890625,444.70819091796875,3.1803765296936035,47.03358459472656,25,25
15,31,2026-01-28 00:32:10.301,45.0,781.9345703125,444.5417175292969,3.1798367500305176,46.8707389831543,25,25
15,32,2026-01-28 00:32:10.488,41.0,782.4581298828125,444.2484130859375,3.186671495437622,46.5827522277832,25,25
15,33,2026-01-28 00:32:10.682,41.0,783.253662109375,443.681396484375,3.1844727993011475,46.02214050292969,25,25
15,34,2026-01-28 00:32:10.878,36.0,783.5682373046875,443.535400390625,3.1917672157287598,45.876956939697266,25,25
15,35,2026-01-28 00:32:11.073,36.0,784.568359375,442.810546875,3.187751531600952,45.1510124206543,25,25
15,36,2026-01-28 00:32:11.271,35.0,786.2546997070312,442.4116516113281,3.2676713466644287,44.747840881347656,25,25
15,37,2026-01-28 00:32:11.465,36.0,787.202880859375,442.00396728515625,3.2936367988586426,44.33305358886719,25,25
15,38,2026-01-28 00:32:11.658,37.0,787.5415649414062,441.27447509765625,3.241407871246338,43.5838737487793,25,25
15,39,2026-01-28 00:32:11.858,42.0,788.772216796875,440.5723876953125,3.2569687366485596,42.854251861572266,25,25
15,40,2026-01-28 00:32:12.049,37.0,789.2792358398438,440.1949768066406,3.2540271282196045,42.45850372314453,25,25
15,41,2026-01-28 00:32:12.252,37.0,790.9534301757812,439.8042297363281,3.335887908935547,42.046142578125,25,25
15,42,2026-01-28 00:32:12.496,37.0,791.396484375,439.5550537109375,3.34212064743042,41.781768798828125,25,25
15,43,2026-01-28 00:32:12.698,37.0,791.1102294921875,438.6766052246094,3.226426601409912,40.84086608886719,25,25
15,44,2026-01-28 00:32:12.889,42.0,791.5182495117188,437.9320983886719,3.1758639812469482,40.03241729736328,25,25
15,45,2026-01-28 00:32:13.102,37.0,792.46923828125,437.5888671875,3.2097768783569336,39.656253814697266,25,25
17,1,2026-01-28 00:32:04.305,0.0,1341.979736328125,699.100341796875,24.882749557495117,128.6347198486328,1,1
17,2,2026-01-28 00:32:04.526,0.0,1341.9852294921875,699.1290283203125,24.8822078704834,128.6377410888672,2,2
17,3,2026-01-28 00:32:04.731,0.0,1341.9808349609375,699.1445922851562,24.881744384765625,128.63938903808594,3,3
17,4,2026-01-28 00:32:04.934,0.0,1350.317626953125,709.8052978515625,24.828960418701172,129.73121643066406,4,4
17,5,2026-01-28 00:32:05.133,49.0,1364.1669921875,723.877197265625,24.82579231262207,131.08409118652344,5,5
17,6,2026-01-28 00:32:05.346,98.0,1380.2890625,739.349365234375,24.84140396118164,132.46669006347656,6,6
17,7,2026-01-28 00:32:05.547,109.0,1397.937255859375,755.4869384765625,24.873395919799805,133.8040008544922,7,7
18,1,2026-01-28 00:32:04.305,0.0,617.68798828125,653.533935546875,6.901134490966797,123.17916870117188,1,1
18,2,2026-01-28 00:32:04.526,0.0,617.6888427734375,653.5496215820312,6.901587963104248,123.18130493164062,2,2
18,3,2026-01-28 00:32:04.731,0.0,617.687744140625,653.5436401367188,6.901394367218018,123.18048858642578,3,3
18,4,2026-01-28 00:32:04.934,0.0,620.3225708007812,651.8282470703125,6.924217224121094,122.94583129882812,4,4
18,5,2026-01-28 00:32:05.133,10.0,623.4993896484375,649.63623046875,6.948631763458252,122.64241027832031,5,5
18,6,2026-01-28 00:32:05.346,21.0,626.8131103515625,646.4927368164062,6.95059871673584,122.20016479492188,6,6
18,7,2026-01-28 00:32:05.547,24.0,630.2708129882812,643.556640625,6.962374210357666,121.77932739257812,7,7
18,8,2026-01-28 00:32:05.744,27.0,633.9696655273438,639.6904296875,6.9545979499816895,121.21337127685547,8,8
18,9,2026-01-28 00:32:05.934,32.0,637.7183227539062,636.5946044921875,6.970197677612305,120.75021362304688,9,9
18,10,2026-01-28 00:32:06.137,37.0,641.2447509765625,633.6123046875,6.983128070831299,120.2953872680664,10,10
18,11,2026-01-28 00:32:06.332,38.0,643.9089965820312,630.5093994140625,6.968247890472412,119.81287384033203,11,11
18,12,2026-01-28 00:32:06.531,39.0,647.2549438476562,626.7891845703125,6.954379081726074,119.22149658203125,12,12
18,13,2026-01-28 00:32:06.747,40.0,649.4154052734375,623.6474609375,6.923041820526123,118.71076965332031,13,13
18,14,2026-01-28 00:32:06.936,40.0,650.5335693359375,620.9049072265625,6.8725996017456055,118.25621032714844,14,14
18,15,2026-01-28 00:32:07.146,40.0,653.716796875,617.53173828125,6.862985134124756,117.68562316894531,15,15
18,16,2026-01-28 00:32:07.364,40.0,659.3226318359375,614.578125,6.9389472007751465,117.1752700805664,16,16
18,17,2026-01-28 00:32:07.549,41.0,662.2044677734375,611.7567138671875,6.9380316734313965,116.67809295654297,17,17
18,18,2026-01-28 00:32:07.743,41.0,665.0157470703125,608.9302368164062,6.934780120849609,116.17027282714844,18,18
18,19,2026-01-28 00:32:07.947,41.0,666.58642578125,606.6522216796875,6.910681247711182,115.75370025634766,19,19
18,20,2026-01-28 00:32:08.140,40.0,666.9144287109375,604.2799072265625,6.844517230987549,115.31277465820312,20,20
18,21,2026-01-28 00:32:08.334,41.0,669.0888671875,601.7415771484375,6.8296918869018555,114.83275604248047,21,21
18,22,2026-01-28 00:32:08.532,41.0,671.794189453125,598.3931884765625,6.804543972015381,114.18614959716797,22,22
18,23,2026-01-28 00:32:08.729,42.0,673.9249267578125,595.8402099609375,6.787140846252441,113.68258666992188,23,23
18,24,2026-01-28 00:32:08.929,41.0,676.3359375,593.6480712890625,6.790717601776123,113.24268341064453,24,24
18,25,2026-01-28 00:32:09.129,41.0,681.7029418945312,591.376708984375,6.887924671173096,112.77938079833984,25,25
18,26,2026-01-28 00:32:09.333,42.0,682.8655395507812,588.6685180664062,6.833698272705078,112.21672821044922,25,25
18,27,2026-01-28 00:32:09.530,43.0,685.1622314453125,586.2391357421875,6.825740337371826,111.70223999023438,25,25
18,28,2026-01-28 00:32:09.734,44.0,689.5697021484375,583.8602294921875,6.890113353729248,111.18925476074219,25,25
18,29,2026-01-28 00:32:09.923,45.0,689.822021484375,581.4873046875,6.815407752990723,110.66825103759766,25,25
18,30,2026-01-28 00:32:10.113,45.0,694.8053588867188,579.2406616210938,6.905188083648682,110.16616821289062,25,25
18,31,2026-01-28 00:32:10.302,45.0,694.7036743164062,577.0209350585938,6.822605609893799,109.66146850585938,25,25
18,32,2026-01-28 00:32:10.488,45.0,696.6444702148438,574.8269653320312,6.810374736785889,109.15396881103516,25,25
18,33,2026-01-28 00:32:10.682,45.0,697.291015625,572.3900146484375,6.743682861328125,108.57991027832031,25,25
18,34,2026-01-28 00:32:10.878,45.0,698.238037109375,570.3350830078125,6.700623989105225,108.08715057373047,25,25
18,35,2026-01-28 00:32:11.073,45.0,699.705078125,568.7119140625,6.69166374206543,107.69215393066406,25,25
18,36,2026-01-28 00:32:11.271,45.0,703.2003173828125,566.762451171875,6.7428388595581055,107.21087646484375,25,25
18,37,2026-01-28 00:32:11.465,45.0,706.1549072265625,565.346923828125,6.795520782470703,106.85662078857422,25,25
18,38,2026-01-28 00:32:11.658,45.0,710.2503662109375,562.320068359375,6.829163074493408,106.08518981933594,25,25
18,39,2026-01-28 00:32:11.858,45.0,711.781005859375,560.1351318359375,6.8014912605285645,105.5162353515625,25,25
18,40,2026-01-28 00:32:12.049,45.0,714.5697021484375,558.15380859375,6.827952861785889,104.99125671386719,25,25
18,41,2026-01-28 00:32:12.253,45.0,715.5874633789062,556.44189453125,6.799137592315674,104.53057098388672,25,25
18,42,2026-01-28 00:32:12.496,45.0,719.7376098632812,554.507568359375,6.8791728019714355,104.00192260742188,25,25
18,43,2026-01-28 00:32:12.698,45.0,722.209228515625,552.4449462890625,6.891676902770996,103.42850494384766,25,25
18,44,2026-01-28 00:32:12.889,45.0,724.1917724609375,550.7027587890625,6.898385047912598,102.93617248535156,25,25
18,45,2026-01-28 00:32:13.102,45.0,726.4002075195312,549.1427001953125,6.92119026184082,102.48894500732422,25,25
20,1,2026-01-28 00:32:04.305,0.0,374.9918212890625,704.1173706054688,2.5244994163513184,129.15623474121094,1,1
20,2,2026-01-28 00:32:04.526,0.0,374.98828125,704.1099853515625,2.524157762527466,129.1554718017578,2,2
20,3,2026-01-28 00:32:04.731,0.0,374.99163818359375,704.1107177734375,2.5242607593536377,129.15554809570312,3,3
20,4,2026-01-28 00:32:04.934,0.0,379.59222412109375,699.4903564453125,2.466545581817627,128.67576599121094,4,4
20,5,2026-01-28 00:32:05.133,21.0,386.3233642578125,694.5821533203125,2.447169065475464,128.15310668945312,5,5
20,6,2026-01-28 00:32:05.346,42.0,393.74310302734375,690.2632446289062,2.465411901473999,127.68173217773438,6,6
20,7,2026-01-28 00:32:05.547,42.0,400.72271728515625,685.321533203125,2.4502909183502197,127.12870025634766,7,7
20,9,2026-01-28 00:32:05.935,43.0,408.01556396484375,680.328125,2.440480947494507,126.55445861816406,8,8
20,10,2026-01-28 00:32:06.138,45.0,420.829833984375,672.0159912109375,2.440462827682495,125.5624008178711,9,9
20,11,2026-01-28 00:32:06.332,43.0,427.33123779296875,668.4727783203125,2.4668028354644775,125.12511444091797,10,10
20,12,2026-01-28 00:32:06.531,42.0,433.6316223144531,665.0171508789062,2.491980791091919,124.68997955322266,11,11
20,13,2026-01-28 00:32:06.747,42.0,439.71624755859375,661.5411376953125,2.5112781524658203,124.2433853149414,12,12
20,14,2026-01-28 00:32:06.936,42.0,445.62823486328125,656.9991455078125,2.4836387634277344,123.64593505859375,13,13
20,15,2026-01-28 00:32:07.146,43.0,451.47900390625,653.0634765625,2.4783935546875,123.11505126953125,14,14
20,17,2026-01-28 00:32:07.549,42.0,457.099853515625,649.9176025390625,2.499401092529297,122.68157958984375,15,15
20,18,2026-01-28 00:32:07.743,43.0,468.02685546875,643.0535888671875,2.5100808143615723,121.70645904541016,16,16
20,19,2026-01-28 00:32:07.947,42.0,473.8315124511719,639.8180541992188,2.5333433151245117,121.2322769165039,17,17
20,20,2026-01-28 00:32:08.140,43.0,478.8529052734375,636.4512329101562,2.529604196548462,120.72854614257812,18,18
20,21,2026-01-28 00:32:08.335,42.0,484.0630187988281,633.8885498046875,2.565783739089966,120.33787536621094,19,19
20,22,2026-01-28 00:32:08.532,42.0,489.281982421875,631.1981811523438,2.5972869396209717,119.92081451416016,20,20
20,23,2026-01-28 00:32:08.729,42.0,493.80657958984375,628.009033203125,2.5876598358154297,119.41698455810547,21,21
20,25,2026-01-28 00:32:09.129,43.0,498.5134582519531,624.6865234375,2.5772147178649902,118.88085174560547,22,22
20,26,2026-01-28 00:32:09.333,45.0,508.1165771484375,618.4579467773438,2.580083131790161,117.84358215332031,22,22
20,27,2026-01-28 00:32:09.530,45.0,512.3447265625,615.634765625,2.5776987075805664,117.35901641845703,22,22
20,28,2026-01-28 00:32:09.734,45.0,516.6613159179688,612.6052856445312,2.5684280395507812,116.82862854003906,22,22
20,29,2026-01-28 00:32:09.923,45.0,520.8792724609375,609.9014282226562,2.5711276531219482,116.34587860107422,22,22
20,30,2026-01-28 00:32:10.113,45.0,524.9293212890625,607.760009765625,2.595092535018921,115.95709991455078,22,22
20,31,2026-01-28 00:32:10.302,43.0,529.4944458007812,605.4249267578125,2.6262428760528564,115.52650451660156,22,22
20,32,2026-01-28 00:32:10.488,43.0,533.6110229492188,603.242919921875,2.651157855987549,115.11771392822266,22,22
20,33,2026-01-28 00:32:10.682,42.0,537.5303344726562,600.7568969726562,2.6557505130767822,114.64421081542969,22,22
20,34,2026-01-28 00:32:10.879,43.0,541.5119018554688,598.2125244140625,2.6595914363861084,114.15081787109375,23,23
20,35,2026-01-28 00:32:11.073,43.0,545.4573974609375,595.4968872070312,2.6540136337280273,113.61415100097656,23,23
20,36,2026-01-28 00:32:11.271,43.0,549.009765625,593.3711547851562,2.6645703315734863,113.18661499023438,23,23
20,37,2026-01-28 00:32:11.465,44.0,553.1392211914062,590.07470703125,2.6361279487609863,112.51028442382812,23,23
20,38,2026-01-28 00:32:11.658,43.0,548.976318359375,590.3767700195312,2.5150439739227295,112.57295227050781,23,23
20,39,2026-01-28 00:32:11.858,43.0,557.6805419921875,586.2306518554688,2.5929689407348633,111.70043182373047,23,23
20,40,2026-01-28 00:32:12.049,44.0,563.0846557617188,583.4684448242188,2.633002281188965,111.1038818359375,23,23
20,41,2026-01-28 00:32:12.253,44.0,567.216552734375,581.1468505859375,2.6534221172332764,110.59272003173828,23,23
20,42,2026-01-28 00:32:12.496,43.0,570.1820068359375,579.2169799804688,2.654672861099243,110.16082763671875,24,24
20,43,2026-01-28 00:32:12.698,44.0,573.2509765625,576.9694213867188,2.6429221630096436,109.64965057373047,24,24
20,44,2026-01-28 00:32:12.889,44.0,576.3038940429688,574.78564453125,2.633770704269409,109.14432525634766,24,24
20,45,2026-01-28 00:32:13.102,44.0,579.78125,573.1314086914062,2.6674070358276367,108.75572967529297,24,24
21,1,2026-01-28 00:32:04.305,0.0,1013.571044921875,422.4610595703125,20.421031951904297,20.56500244140625,1,1
21,2,2026-01-28 00:32:04.526,0.0,1013.5700073242188,422.462158203125,20.420894622802734,20.56659507751465,2,2
21,3,2026-01-28 00:32:04.731,0.0,1013.5732421875,422.4617919921875,20.42119026184082,20.566062927246094,3,3
21,4,2026-01-28 00:32:04.934,0.0,1013.7494506835938,423.0295715332031,20.412168502807617,21.38418960571289,4,4
21,5,2026-01-28 00:32:05.133,9.0,1014.3358154296875,423.17962646484375,20.456138610839844,21.59889793395996,5,5
21,6,2026-01-28 00:32:05.347,19.0,1014.0968017578125,424.3502502441406,20.386260986328125,23.25263023376465,6,6
21,7,2026-01-28 00:32:05.547,46.0,1014.7698974609375,425.31854248046875,20.402868270874023,24.5926570892334,7,7
21,8,2026-01-28 00:32:05.744,73.0,1014.7589111328125,426.27972412109375,20.362459182739258,25.898616790771484,8,8
21,9,2026-01-28 00:32:05.935,95.0,1015.0667114257812,427.6161193847656,20.334064483642578,27.67548942565918,9,9
21,10,2026-01-28 00:32:06.138,75.0,1015.8606567382812,428.2543029785156,20.37367820739746,28.50849151611328,10,10
21,11,2026-01-28 00:32:06.332,96.0,1016.6239624023438,429.34649658203125,20.392173767089844,29.911470413208008,11,11
21,12,2026-01-28 00:32:06.531,101.0,1016.413330078125,430.2359619140625,20.34010887145996,31.033430099487305,12,12
21,13,2026-01-28 00:32:06.747,93.0,1016.4384765625,431.0080261230469,20.312185287475586,31.992679595947266,13,13
21,14,2026-01-28 00:32:06.936,101.0,1016.9482421875,432.63482666015625,20.29051399230957,33.9707145690918,14,14
21,15,2026-01-28 00:32:07.146,93.0,1016.3653564453125,433.39373779296875,20.216533660888672,34.87400436401367,15,15
21,16,2026-01-28 00:32:07.364,101.0,1016.807861328125,434.69317626953125,20.20334815979004,36.39281463623047,16,16
21,17,2026-01-28 00:32:07.549,109.0,1016.85498046875,435.983642578125,20.16059684753418,37.86735534667969,17,17
21,18,2026-01-28 00:32:07.743,101.0,1017.2806396484375,436.8782043457031,20.161287307739258,38.87035369873047,18,18
21,19,2026-01-28 00:32:07.947,107.0,1018.1994018554688,438.03253173828125,20.18988037109375,40.14207458496094,19,19
21,20,2026-01-28 00:32:08.140,109.0,1018.927490234375,439.1597900390625,20.20469856262207,41.36012268066406,20,20
21,21,2026-01-28 00:32:08.334,105.0,1020.3558349609375,439.7154235839844,20.29098892211914,41.95204544067383,21,21
21,22,2026-01-28 00:32:08.532,109.0,1021.377197265625,441.4315490722656,20.305343627929688,43.745948791503906,22,22
21,23,2026-01-28 00:32:08.729,105.0,1022.2530517578125,442.513427734375,20.330949783325195,44.85095977783203,23,23
21,24,2026-01-28 00:32:08.929,109.0,1022.8489990234375,443.78887939453125,20.329336166381836,46.12880325317383,24,24
21,25,2026-01-28 00:32:09.129,105.0,1022.8956909179688,444.9022521972656,20.294395446777344,47.22287368774414,25,25
21,26,2026-01-28 00:32:09.333,105.0,1023.29541015625,446.0464172363281,20.28383445739746,48.32700729370117,25,25
21,27,2026-01-28 00:32:09.530,107.0,1023.939453125,447.2926025390625,20.287057876586914,49.50695037841797,25,25
21,28,2026-01-28 00:32:09.734,112.0,1024.28955078125,448.98187255859375,20.255443572998047,51.069923400878906,25,25
21,29,2026-01-28 00:32:09.923,114.0,1024.5216064453125,450.402587890625,20.225257873535156,52.352989196777344,25,25
21,30,2026-01-28 00:32:10.113,112.0,1025.1842041015625,451.70318603515625,20.22844696044922,53.50324249267578,25,25
21,31,2026-01-28 00:32:10.302,107.0,1025.073486328125,453.0166015625,20.179716110229492,54.641944885253906,25,25
21,32,2026-01-28 00:32:10.488,107.0,1025.9632568359375,454.635986328125,20.18840789794922,56.01525115966797,25,25
21,33,2026-01-28 00:32:10.682,104.0,1026.6549072265625,455.9462890625,20.19344711303711,57.10243606567383,25,25
21,34,2026-01-28 00:32:10.879,107.0,1027.456787109375,457.5700988769531,20.196002960205078,58.42094039916992,25,25
21,35,2026-01-28 00:32:11.073,104.0,1028.9091796875,458.59295654296875,20.258068084716797,59.23558044433594,25,25
21,36,2026-01-28 00:32:11.271,107.0,1030.0570068359375,460.48455810546875,20.27357292175293,60.710784912109375,25,25
21,37,2026-01-28 00:32:11.465,112.0,1030.432373046875,462.1958923339844,20.245981216430664,62.01150894165039,25,25
21,38,2026-01-28 00:32:11.658,112.0,1030.9627685546875,464.10260009765625,20.222898483276367,63.42425537109375,25,25
21,39,2026-01-28 00:32:11.858,112.0,1031.673583984375,465.642578125,20.221858978271484,64.53821563720703,25,25
21,40,2026-01-28 00:32:12.049,107.0,1031.307373046875,467.15692138671875,20.156808853149414,65.61083984375,25,25
21,41,2026-01-28 00:32:12.253,107.0,1032.12451171875,469.578369140625,20.138511657714844,67.2807388305664,25,25
21,42,2026-01-28 00:32:12.496,112.0,1034.01953125,471.8646545410156,20.187225341796875,68.80844116210938,25,25
21,43,2026-01-28 00:32:12.698,112.0,1034.897705078125,473.83477783203125,20.18463134765625,70.08837127685547,25,25
21,44,2026-01-28 00:32:12.889,115.0,1035.687255859375,476.08746337890625,20.169580459594727,71.51219940185547,25,25
21,45,2026-01-28 00:32:13.102,115.0,1037.006591796875,478.0281982421875,20.192739486694336,72.70623779296875,25,25
27,5,2026-01-28 00:32:05.133,0.0,386.6916198730469,694.7681884765625,2.4626100063323975,128.1731719970703,1,1
27,6,2026-01-28 00:32:05.347,38.0,393.30255126953125,690.886474609375,2.4777650833129883,127.75043487548828,2,2
27,7,2026-01-28 00:32:05.547,46.0,400.37274169921875,685.525634765625,2.449431896209717,127.15184020996094,3,3
43,14,2026-01-28 00:32:06.936,0.0,438.85662841796875,662.3765869140625,2.5221619606018066,124.35154724121094,1,1
43,15,2026-01-28 00:32:07.146,98.0,450.693359375,654.0850830078125,2.499157190322876,123.25405883789062,2,2
57,19,2026-01-28 00:32:07.947,0.0,472.3592224121094,640.4368286132812,2.518869638442993,121.32369995117188,1,1
57,20,2026-01-28 00:32:08.140,39.0,477.1955871582031,637.513916015625,2.528778076171875,120.8886947631836,2,2
57,21,2026-01-28 00:32:08.335,38.0,482.62969970703125,634.809326171875,2.565031051635742,120.4789810180664,3,3
57,22,2026-01-28 00:32:08.532,39.0,488.3792724609375,631.9390869140625,2.603701114654541,120.03639221191406,4,4
57,23,2026-01-28 00:32:08.729,39.0,492.93853759765625,628.43896484375,2.5815749168395996,119.48551177978516,5,5
60,27,2026-01-28 00:32:09.530,0.0,708.83544921875,789.749267578125,11.270179748535156,136.33843994140625,1,1
60,28,2026-01-28 00:32:09.734,50.0,712.8572998046875,781.6878662109375,11.263611793518066,135.7760009765625,2,2
60,29,2026-01-28 00:32:09.923,47.0,717.482421875,774.8486328125,11.281416893005371,135.28317260742188,3,3
60,30,2026-01-28 00:32:10.113,50.0,721.4207153320312,766.0545654296875,11.265327453613281,134.62725830078125,4,4
60,31,2026-01-28 00:32:10.302,49.0,724.95263671875,759.0256958007812,11.259734153747559,134.0841064453125,5,5
60,32,2026-01-28 00:32:10.488,48.0,728.6790771484375,752.32373046875,11.261563301086426,133.54974365234375,6,6
60,33,2026-01-28 00:32:10.682,48.0,732.7562255859375,746.015869140625,11.275155067443848,133.03143310546875,7,7
60,34,2026-01-28 00:32:10.879,48.0,736.2284545898438,739.2232666015625,11.27089786529541,132.45584106445312,8,8
60,35,2026-01-28 00:32:11.073,49.0,739.7664184570312,732.52734375,11.269030570983887,131.86985778808594,9,9
60,36,2026-01-28 00:32:11.271,48.0,742.781005859375,726.6138916015625,11.264941215515137,131.3363037109375,10,10
16,31,2026-01-28 00:32:10.301,0.0,1085.56591796875,418.1148681640625,27.11569595336914,13.98763370513916,1,1
16,32,2026-01-28 00:32:10.488,133.0,1086.2877197265625,419.059326171875,27.074373245239258,15.46619701385498,2,2
16,33,2026-01-28 00:32:10.682,101.0,1086.917236328125,419.56951904296875,27.073694229125977,16.253202438354492,3,3
16,34,2026-01-28 00:32:10.878,70.0,1088.0,419.655517578125,27.16039276123047,16.38506317138672,4,4
16,35,2026-01-28 00:32:11.073,50.0,1088.797607421875,419.87591552734375,27.206531524658203,16.721960067749023,5,5
16,36,2026-01-28 00:32:11.271,70.0,1089.716552734375,421.01153564453125,27.1612606048584,18.434467315673828,6,6
16,37,2026-01-28 00:32:11.465,57.0,1090.266845703125,421.33587646484375,27.173677444458008,18.916500091552734,7,7
16,38,2026-01-28 00:32:11.658,70.0,1091.430908203125,423.0780029296875,27.085071563720703,21.453556060791016,8,8
16,39,2026-01-28 00:32:11.858,95.0,1092.51904296875,424.01544189453125,27.077943801879883,22.78346061706543,9,9
16,40,2026-01-28 00:32:12.049,89.0,1093.135009765625,424.7271728515625,27.05484390258789,23.777210235595703,10,10
16,41,2026-01-28 00:32:12.253,80.0,1093.892822265625,425.118408203125,27.077598571777344,24.317720413208008,11,11
16,42,2026-01-28 00:32:12.496,70.0,1094.849853515625,425.401611328125,27.12828826904297,24.706466674804688,12,12
16,43,2026-01-28 00:32:12.698,59.0,1095.85986328125,425.55718994140625,27.1966495513916,24.91913414001465,13,13
16,44,2026-01-28 00:32:12.889,48.0,1096.59619140625,425.93988037109375,27.217809677124023,25.439586639404297,14,14
16,45,2026-01-28 00:32:13.102,59.0,1098.07177734375,426.6196594238281,27.268943786621094,26.354833602905273,15,15
73,31,2026-01-28 00:32:10.302,0.0,528.2496337890625,606.1710205078125,2.622838258743286,115.66484832763672,1,1
28,31,2026-01-28 00:32:10.302,0.0,709.732177734375,789.5194091796875,11.284709930419922,136.3226776123047,1,1
28,32,2026-01-28 00:32:10.489,250.0,729.4662475585938,752.214111328125,11.27643871307373,133.54086303710938,2,2
28,33,2026-01-28 00:32:10.682,148.0,733.2278442382812,746.0089111328125,11.284857749938965,133.03085327148438,3,3
28,34,2026-01-28 00:32:10.879,53.0,736.70654296875,739.0625,11.279142379760742,132.44198608398438,4,4
28,35,2026-01-28 00:32:11.073,53.0,740.3531494140625,732.328125,11.279290199279785,131.85214233398438,5,5
28,36,2026-01-28 00:32:11.271,53.0,743.04833984375,726.3340454101562,11.267455101013184,131.3106689453125,6,6
28,38,2026-01-28 00:32:11.658,53.0,746.0585327148438,719.8953857421875,11.256889343261719,130.7109375,7,7
28,39,2026-01-28 00:32:11.858,53.0,752.3560791015625,707.955322265625,11.25265884399414,129.54605102539062,8,8
28,40,2026-01-28 00:32:12.049,53.0,754.6336669921875,703.4388427734375,11.248580932617188,129.0865020751953,9,9
28,41,2026-01-28 00:32:12.253,53.0,757.505615234375,698.6323852539062,11.254591941833496,128.5853729248047,10,10
28,42,2026-01-28 00:32:12.496,53.0,760.0269165039062,692.9998779296875,11.24183464050293,127.98168182373047,11,11
28,43,2026-01-28 00:32:12.698,53.0,762.6502685546875,687.8714599609375,11.237750053405762,127.41592407226562,12,12
28,44,2026-01-28 00:32:12.889,51.0,765.1778564453125,683.1903686523438,11.237157821655273,126.88555145263672,13,13
28,45,2026-01-28 00:32:13.102,51.0,767.7257080078125,678.236083984375,11.233376502990723,126.30911254882812,14,14
